title,company,location,link
Rust for Embedded Environments,Ockam,No office location,https://stackoverflow.com/jobs/294502/
Rust / Python Developer,YouGov,No office location,https://stackoverflow.com/jobs/469780/
Algo Developer in Rust,Keyrock,"Bruxelles, Belgium",https://stackoverflow.com/jobs/456011/
Junior Java Developer (m/w/d),Senacor Technologies AG,"Nürnberg, Deutschland",https://stackoverflow.com/jobs/481506/
Senior/Lead Software Engineer,CV Partner,"London, UK",https://stackoverflow.com/jobs/471140/
Blockchain Engineer (Rust),Chorus One,No office location,https://stackoverflow.com/jobs/459796/
Rust Library Architect,Ockam,No office location,https://stackoverflow.com/jobs/474462/
Blockchain Developer (Substrate / Rust) for Polkadot Ecosystem Project KILT,BOTLabs GmbH,"Berlin, Deutschland",https://stackoverflow.com/jobs/454384/
Junior Java Developer (m/w/d),Senacor Technologies AG,"Berlin, Deutschland",https://stackoverflow.com/jobs/481505/
Rust Developer (100% remote),simplestaking.com ltd,No office location,https://stackoverflow.com/jobs/382213/
"Senior Software Engineer, Rust/Go & Linux",Red Canary,"Denver, CO",https://stackoverflow.com/jobs/481205/
Backend Rust Engineer (m/f/d),Xayn AG,"Berlin, Deutschland",https://stackoverflow.com/jobs/373256/
"Senior Engineers (Java / Kotlin / Rust) - $multi-billion SaaS Leader, York",Anaplan,"York, UK",https://stackoverflow.com/jobs/414271/
Platforms Engineer for a Cryptocurrency Startup,Chorus One,No office location,https://stackoverflow.com/jobs/457423/
Back End Developer (Remote),TMP Worldwide,No office location,https://stackoverflow.com/jobs/445285/
Developer C++ / Rust (m/w/d),Peek & Cloppenburg KG Düsseldorf,"Düsseldorf, Deutschland",https://stackoverflow.com/jobs/447403/
Senior Back End Developer (Remote),TMP Worldwide,No office location,https://stackoverflow.com/jobs/445284/
Principal Search Engineer,SAP,"San Ramon, CA",https://stackoverflow.com/jobs/457879/
Senior Search Engineer,SAP,"Palo Alto, CA",https://stackoverflow.com/jobs/457878/
Senior or Lead Software Engineer (Rust) - NZXT - Fully Remote,NZXTviaSource Coders,"Los Angeles, CA",https://stackoverflow.com/jobs/472085/
Senior Engineer - API Developer (Identity & Authentication),LoginID,"Toronto, ON, Canada",https://stackoverflow.com/jobs/475666/
Solutions Engineer,Deepgram,"San Francisco, CA",https://stackoverflow.com/jobs/431389/
Goang Developer,Get GroundviaEurostaff Group GmbH,"London, UK",https://stackoverflow.com/jobs/456517/
Sr. Site Reliability Engineer - MobileCoin - Highflying Crypto Startup,MobileCoinviaSource Coders,No office location,https://stackoverflow.com/jobs/474458/
Engineering Manager,Casai,"Ciudad de México, Mexico",https://stackoverflow.com/jobs/429685/
Java Software Developer - HELIX Payments,"JPMorgan Chase Bank, N.A.","London, UK",https://stackoverflow.com/jobs/479776/
Senior Software Engineer - IT Security (m/f/d),VMRay,No office location,https://stackoverflow.com/jobs/446571/
Engineering Manager,Casai,"Ciudad de México, Mexico",https://stackoverflow.com/jobs/429685/
OCaml Developer (100% remote),simplestaking.com ltd,No office location,https://stackoverflow.com/jobs/403091/
API Security Engineer,Paidy,"Tokyo, Japan",https://stackoverflow.com/jobs/456537/
Messaging Protocol Architect - Elixir,Ockam,No office location,https://stackoverflow.com/jobs/400828/
Software Engineer - Go/ PostgreSQL,Apple,"Shanghai, China",https://stackoverflow.com/jobs/471527/
Sr. Software Engineer - Consumer Finance (Retail Bank/Credit Card),Paidy,"Tokyo, Japan",https://stackoverflow.com/jobs/445030/
Software Engineer (m/w/d),NanoGiants GmbH,"Düsseldorf, Deutschland",https://stackoverflow.com/jobs/374097/
Senior Software Engineer in an Agile Feature Team (m/w/d),Volume Graphics GmbH,"Heidelberg, Deutschland",https://stackoverflow.com/jobs/465018/
DevOps / SRE (Americas),Platform.sh,No office location,https://stackoverflow.com/jobs/463351/
Senior Functional Programmer,PrimaviaMana Search,"London, UK",https://stackoverflow.com/jobs/450823/
Backend Developer - iGaming,Booming Games Malta Ltd.,No office location,https://stackoverflow.com/jobs/463439/
Cloud Engineer (remote),Platform.sh,No office location,https://stackoverflow.com/jobs/465435/
System Architect / Software Lead (m/w/d),Pixtunes GmbH,"Berlin, Deutschland",https://stackoverflow.com/jobs/481715/
"Data Engineer, Cloud Platform",Oura Health Oy,"Helsinki, Finland",https://stackoverflow.com/jobs/462180/
Senior Software Engineer met passie voor vakwerk,Evidos B.V.,"Haarlem, Netherlands",https://stackoverflow.com/jobs/439756/
C++ Software Engineer,Aerial Applications,"Washington, DC",https://stackoverflow.com/jobs/439582/
"Senior Software Engineer, Video Streaming",Chaturbate,"Los Angeles, CA",https://stackoverflow.com/jobs/477844/
Sr. Frontend Software Engineer,Chaturbate,No office location,https://stackoverflow.com/jobs/460874/
Applied Cryptography and Messaging Protocols - Elixir,Ockam,No office location,https://stackoverflow.com/jobs/294500/
Software Developer - SEO Product,Siteimprove,"København, Denmark",https://stackoverflow.com/jobs/470980/
(Senior-) Softwareentwickler (m/w/d) Embedded DSP,Müller-BBM Active Sound Technology GmbH,"Planegg, Deutschland",https://stackoverflow.com/jobs/460960/
Python Engineer,"TileDB, Inc.","Cambridge, MA",https://stackoverflow.com/jobs/419347/
CTO (f/m/d),Yotribe GmbH,"Berlin, Germany",https://stackoverflow.com/jobs/481175/
Principal Python Blockchain Developer - Raiden Network,brainbot,"Berlin, Germany",https://stackoverflow.com/jobs/198297/
Site Reliability Engineer - SRE (Cloud Platform Department) : CPD,Rakuten,"Tokyo, Japan",https://stackoverflow.com/jobs/360637/
Software Engineering Manager,Metaswitch Networks,"Coventry, UK",https://stackoverflow.com/jobs/456316/
Cloud / GitOps Engineer,Metaswitch Networks,"London Borough of Enfield, UK",https://stackoverflow.com/jobs/456264/
Senior Software Engineer,Siteimprove,"København, Denmark",https://stackoverflow.com/jobs/470982/
Senior Software Engineer - groundbreaking product development for sustainability,BioSort AS,"Fornebu, Norway",https://stackoverflow.com/jobs/462802/
Senior CFD Software Developer (m/f/d),SimScale,No office location,https://stackoverflow.com/jobs/465589/
JavaScript Developer,APPSOLVE SRL,"Bucharest, Romania",https://stackoverflow.com/jobs/436898/
Back End Software Developer,Aerial Applications,"Washington, DC",https://stackoverflow.com/jobs/439581/
"Senior Platform Engineer - Disruptive $multi-billion SaaS Leader, York",Anaplan,"York, UK",https://stackoverflow.com/jobs/250727/
Software Engineer Associate - Merchant Services (Wholesale Payments),"JPMorgan Chase Bank, N.A.","Jersey City, NJ",https://stackoverflow.com/jobs/481597/
DevOps Engineer / System Administrator – Operational Services (m/w/d),SVA System Vertrieb Alexander GmbH,"Schwerte, Deutschland",https://stackoverflow.com/jobs/374377/
Frontend Developer (anibis.ch),Scout24 Schweiz AG,"Wünnewil-Flamatt, Switzerland",https://stackoverflow.com/jobs/333168/
Java Technical Lead - Kafka/Cassandra - VP - Merchant Services,"JPMorgan Chase Bank, N.A.","London, UK",https://stackoverflow.com/jobs/475891/
Engineering Manager,Babbel (Lesson Nine GmbH),"Berlin, Germany",https://stackoverflow.com/jobs/456050/
Site Reliability Engineer,Container Solutions B.V.,No office location,https://stackoverflow.com/jobs/462620/
